{"median_angular_err":0.09478086071391181,"q3_l2err":0.07153150998055935,"ave_angular_err":0.13082896801709054,"q2_l2err":0.04603632725775242,"ave_max_l2err":0.4163939952850342,"samples_per_endpoint":250,"std_l2errs":0.05215958133339882,"ave_max_angular_err":0.9484483001220196,"_wandb":{"runtime":44098},"val_loss":-1.8958580493927002,"_step":4266,"epoch":82,"q1_l2err":0.02912290208041668,"std_angular_err":0.13860494020632266,"trainer/global_step":41029,"median_l2err":0.04603632539510727,"test_set_size":512,"_runtime":44094.065350971,"q1_angular_err":0.061241471478493834,"train_loss_step":-2.178952217102051,"max_l2err":1.5089304447174072,"train_loss_epoch":-2.023775577545166,"std_max_l2err":0.2028447687625885,"std_max_angular_errs":0.5002263834878127,"ave_l2err":0.058552924543619156,"q2_angular_err":0.09478086071391181,"q3_angular_err":0.14961838113285078,"max_angular_err":2.967513263967981,"_timestamp":1.7514194095647068e+09}